layer_idx,layer_pct,mean_judge_score,gibberish_rate,std_judge_score,n,mean_norm,k_value,k_applied
12,37,0.84,0.08,0.44538449337485414,50,13.031333750486374,0.2036145898513496,2.036145898513496
16,50,0.64,0.08,0.5443588252359328,50,15.196157962083817,0.2374399681575596,2.374399681575596
19,59,0.67,0.1,0.5496752287877426,50,18.76650587320328,0.2932266542688012,2.9322665426880117
22,68,0.66,0.08,0.5387059324275658,50,22.29317852258682,0.3483309144154191,3.483309144154191
