condition,mean_score,std_score,n
baseline,0.1825,0.4864430947419342,200
ramp_neg,-0.5,0.0,200
ramp_pos,-0.0225,0.704075537005118,200
