condition,mean_score,std_score,n
baseline,0.575,0.5178958200275515,200
ramp_neg,0.475,0.5576106600856966,200
ramp_pos,0.355,0.5247397057532142,200
