condition,mean_score,std_score,n
baseline,0.02316076294277929,0.4792216295823108,367
ramp_neg,0.005449591280653951,0.4630886471612255,367
ramp_pos,0.01226158038147139,0.4724509483553474,367
