condition,mean_score,std_score,n
baseline,0.3575,0.4996921162628808,200
ramp_neg,0.4375,0.5303300858899107,200
ramp_pos,0.265,0.47529414325559,200
