condition,mean_score,std_score,n
baseline,0.1825,0.4864430947419342,200
ramp_neg,0.1025,0.48156335650842275,200
ramp_pos,0.2975,0.4862364439210463,200
