condition,mean_score,std_score,n
baseline,0.05040871934604905,0.5008665678909594,367
ramp_neg,-0.4891008174386921,0.07311199713462237,367
ramp_pos,-0.5,0.0,367
