condition,mean_score,std_score,n
baseline,0.3575,0.4996921162628808,200
ramp_neg,0.4225,0.6322518978315192,200
ramp_pos,0.4025,0.5104375401673159,200
