layer_idx,layer_pct,mean_judge_score,gibberish_rate,std_judge_score,n,mean_norm,k_value,k_applied
12,37,0.92,0.0,0.27404751561786966,50,21.54182260036469,0.3365909781306982,3.365909781306982
16,50,0.98,0.0,0.14142135623730948,50,24.16836975812912,0.3776307774707675,3.776307774707675
19,59,0.98,0.0,0.14142135623730948,50,27.43060383796692,0.4286031849682331,4.286031849682331
22,68,0.93,0.02,0.2858928013741358,50,31.504572343826293,0.4922589428722858,4.9225894287228575
