condition,mean_score,std_score,n
baseline,0.885558583106267,0.31878123650851775,367
caa_broadcast_neg,0.7588555858310627,0.43074696636531395,367
caa_broadcast_pos,0.9264305177111717,0.26142539072002774,367
caa_last_token_neg,0.8038147138964578,0.39765246723859576,367
caa_last_token_pos,0.9291553133514986,0.25691548942800224,367
