condition,mean_score,std_score,n
baseline,0.8801089918256131,0.3252775008653371,367
caa_broadcast_neg,0.7901907356948229,0.40772823454756174,367
caa_broadcast_pos,0.9155313351498637,0.27846903561589476,367
caa_last_token_neg,0.8201634877384196,0.3845755242529992,367
caa_last_token_pos,0.9128065395095368,0.2825034903034311,367
