condition,mean_score,std_score,n
baseline,0.771117166212534,0.6375624730170355,367
caa_broadcast_neg,0.5217983651226158,0.8530331819486959,367
caa_broadcast_pos,0.8528610354223434,0.5228507814400556,367
caa_last_token_neg,0.6076294277929155,0.7953049344771915,367
caa_last_token_pos,0.8583106267029973,0.5138309788560045,367
