condition,mean_score,std_score,n
baseline,0.8801089918256131,0.34956958562230533,367
ramp_neg,0.6811989100817438,0.5549092193750639,367
ramp_pos,0.9059945504087193,0.2957199790023491,367
