condition,mean_score,std_score,n
baseline,0.05040871934604905,0.5008665678909594,367
ramp_neg,0.055858310626702996,0.4765108403406636,367
ramp_pos,0.05994550408719346,0.5309574785391167,367
