condition,mean_score,std_score,n
baseline,0.8719346049046321,0.3750443559578529,367
ramp_neg,-0.47956403269754766,0.099131891021874,367
ramp_pos,-0.44005449591280654,0.16263875043266854,367
