condition,mean_score,std_score,n
baseline,0.8801089918256131,0.3252775008653371,367
caa_broadcast_neg,-0.18392370572207084,0.43524740111137744,367
caa_broadcast_pos,0.8147138964577657,0.47014863641776794,367
caa_last_token_neg,0.23433242506811988,0.5758040504305179,367
caa_last_token_pos,0.9223433242506812,0.30044040870604405,367
