condition,mean_score,std_score,n
baseline,0.885558583106267,0.31878123650851775,367
caa_broadcast_neg,-0.31471389645776565,0.29522865529064335,367
caa_broadcast_pos,-0.43460490463215257,0.3067123290035211,367
caa_last_token_neg,-0.08719346049046321,0.4426380469558118,367
caa_last_token_pos,0.020435967302452316,0.7082587172115125,367
