condition,mean_score,std_score,n
baseline,0.8801089918256131,0.34956958562230533,367
ramp_neg,-0.27111716621253407,0.3337722873254806,367
ramp_pos,-0.4986376021798365,0.02609978754859403,367
