condition,mean_score,std_score,n
baseline,0.771117166212534,0.6375624730170355,367
caa_broadcast_neg,-0.6280653950953679,0.32425166653817017,367
caa_broadcast_pos,-0.43460490463215257,0.3067123290035211,367
caa_last_token_neg,-0.5940054495912807,0.5982826332594307,367
caa_last_token_pos,0.0013623978201634877,0.721923127617318,367
