condition,mean_score,std_score,n
baseline,0.896457765667575,0.3050817103455136,367
caa_broadcast_neg,0.9237057220708447,0.2658307949138803,367
caa_broadcast_pos,0.8392370572207084,0.36781360499839794,367
caa_last_token_neg,0.9046321525885559,0.29412334008365554,367
caa_last_token_pos,0.885558583106267,0.31878123650851775,367
