condition,mean_score,std_score,n
baseline,0.8991825613079019,0.30149787613273077,367
caa_broadcast_neg,0.9264305177111717,0.2614253907200278,367
caa_broadcast_pos,0.8419618528610354,0.36527475797547787,367
caa_last_token_neg,0.9019073569482289,0.29784593172324525,367
caa_last_token_pos,0.885558583106267,0.3187812365085178,367
