condition,mean_score,std_score,n
baseline,0.7929155313351499,0.6101634206910272,367
caa_broadcast_neg,0.8474114441416893,0.5316615898277606,367
caa_broadcast_pos,0.6784741144414169,0.7356272099967959,367
caa_last_token_neg,0.8092643051771117,0.5882466801673112,367
caa_last_token_pos,0.771117166212534,0.6375624730170356,367
