condition,mean_score,std_score,n
baseline,0.8719346049046321,0.3750443559578529,367
ramp_neg,0.7506811989100818,0.49708804978164295,367
ramp_pos,0.9373297002724795,0.2668301229209277,367
