condition,mean_score,std_score,n
baseline,0.4175,0.5819251968022753,200
ramp_neg,0.3725,0.599408208990355,200
ramp_pos,0.22,0.4330562185700731,200
