condition,mean_score,std_score,n
baseline,0.575,0.5178958200275515,200
ramp_neg,-0.4375,0.24006646902001685,200
ramp_pos,0.7525,0.5233192766625677,200
