condition,mean_score,std_score,n
baseline,0.02316076294277929,0.4792216295823108,367
ramp_neg,-0.04087193460490463,0.37652030976261214,367
ramp_pos,-0.2220708446866485,0.5729590200731329,367
