layer_idx,layer_pct,mean_judge_score,gibberish_rate,std_judge_score,n,mean_norm,k_value,k_applied
11,39,0.72,0.0,0.4535573676110726,50,267.1136971473694,4.461821151964072,44.618211519640724
14,50,0.82,0.0,0.38808793449160356,50,278.97412424087526,4.659935681627956,46.59935681627956
16,57,0.92,0.04,0.32513733362117264,50,284.9958203315735,4.760521055104157,47.605210551041566
19,67,0.96,0.0,0.19794866372215741,50,305.2294752120972,5.098500538341416,50.98500538341416
