condition,mean_score,std_score,n
baseline,0.9782016348773842,0.20794080887916128,367
caa_broadcast_neg,0.9836512261580381,0.1803298992401644,367
caa_broadcast_pos,0.9564032697547684,0.2924479885384895,367
caa_last_token_neg,0.9836512261580381,0.1803298992401644,367
caa_last_token_pos,0.9782016348773842,0.20794080887916125,367
