condition,mean_score,std_score,n
baseline,0.944141689373297,0.23437455796477125,367
ramp_neg,0.9318801089918256,0.26029094022845944,367
ramp_pos,0.9686648501362398,0.18023698558904624,367
