condition,mean_score,std_score,n
baseline,0.1825,0.4864430947419342,200
ramp_neg,0.095,0.42941470040582347,200
ramp_pos,0.2825,0.4874750347943357,200
