condition,mean_score,std_score,n
baseline,0.6130790190735694,0.5655337937568385,367
ramp_neg,-0.4645776566757493,0.12845774471400118,367
ramp_pos,-0.5,0.0,367
