condition,mean_score,std_score,n
baseline,0.6212534059945504,0.48573707001187655,367
caa_broadcast_neg,-0.49727520435967304,0.03686021461885077,367
caa_broadcast_pos,-0.5,0.0,367
caa_last_token_neg,-0.49727520435967304,0.03686021461885077,367
caa_last_token_pos,-0.5,0.0,367
