condition,mean_score,std_score,n
baseline,0.05722070844686648,0.5089321433791778,367
ramp_neg,0.039509536784741145,0.5032058745992596,367
ramp_pos,-0.11580381471389646,0.6136612731201839,367
