condition,mean_score,std_score,n
baseline,0.6267029972752044,0.4843403226661917,367
caa_broadcast_neg,0.1444141689373297,0.3519890749295083,367
caa_broadcast_pos,0.7316076294277929,0.4727935567074039,367
caa_last_token_neg,0.25885558583106266,0.4386040926915948,367
caa_last_token_pos,0.7724795640326976,0.43655395323994817,367
