condition,mean_score,std_score,n
baseline,0.6130790190735694,0.5655337937568385,367
ramp_neg,-0.013623978201634877,0.3926645703124566,367
ramp_pos,0.09264305177111716,0.571045767355564,367
