condition,mean_score,std_score,n
baseline,0.25340599455040874,0.9686806453323834,367
caa_broadcast_neg,-0.7111716621253406,0.7039781498590166,367
caa_broadcast_pos,0.5163487738419619,0.8418719503325247,367
caa_last_token_neg,-0.4822888283378747,0.8772081853831896,367
caa_last_token_pos,0.5735694822888283,0.8114845465807398,367
