condition,mean_score,std_score,n
baseline,0.6212534059945504,0.48573707001187655,367
caa_broadcast_neg,0.15258855585831063,0.36008135416501047,367
caa_broadcast_pos,0.7493188010899182,0.4386931963144033,367
caa_last_token_neg,0.3188010899182561,0.46664794794492886,367
caa_last_token_pos,0.7697547683923706,0.4239879558332774,367
