condition,mean_score,std_score,n
baseline,0.3575,0.4996921162628808,200
ramp_neg,0.455,0.5563475649855283,200
ramp_pos,0.395,0.49770831602374893,200
