condition,mean_score,std_score,n
baseline,0.43460490463215257,0.5783680586207277,367
ramp_neg,-0.3446866485013624,0.23169097425987664,367
ramp_pos,-0.3065395095367847,0.3104038669108384,367
