condition,mean_score,std_score,n
baseline,0.3575,0.4996921162628808,200
ramp_neg,-0.485,0.12185748327926262,200
ramp_pos,0.81,0.4951016341527298,200
