condition,mean_score,std_score,n
baseline,0.305,0.564418142157018,200
ramp_neg,0.2975,0.5651021609065979,200
ramp_pos,0.3375,0.5713808980472364,200
