condition,mean_score,std_score,n
baseline,0.1825,0.4864430947419342,200
ramp_neg,0.145,0.47971411084176313,200
ramp_pos,0.19,0.45545272633902206,200
