condition,mean_score,std_score,n
baseline,0.5275,0.5608623564784615,200
ramp_neg,0.41,0.5968089346873193,200
ramp_pos,0.5375,0.5735753598851128,200
