condition,mean_score,std_score,n
baseline,0.5275,0.5608623564784615,200
ramp_neg,0.0925,0.6707782549670819,200
ramp_pos,0.3175,0.7232282110275642,200
