condition,mean_score,std_score,n
baseline,0.8801089918256131,0.34956958562230533,367
ramp_neg,0.8201634877384196,0.45307326453322905,367
ramp_pos,0.888283378746594,0.3218781059741292,367
