condition,mean_score,std_score,n
baseline,0.885558583106267,0.31878123650851775,367
caa_broadcast_neg,0.8119891008174387,0.39125428106180427,367
caa_broadcast_pos,0.9019073569482289,0.2978459317232453,367
caa_last_token_neg,0.8310626702997275,0.37520808637815956,367
caa_last_token_pos,0.9046321525885559,0.2941233400836556,367
