condition,mean_score,std_score,n
baseline,0.771117166212534,0.6375624730170355,367
caa_broadcast_neg,0.6239782016348774,0.7825085621236085,367
caa_broadcast_pos,0.8038147138964578,0.5956918634464906,367
caa_last_token_neg,0.662125340599455,0.7504161727563192,367
caa_last_token_pos,0.8092643051771117,0.5882466801673111,367
