condition,mean_score,std_score,n
baseline,0.8801089918256131,0.3252775008653371,367
caa_broadcast_neg,0.8256130790190735,0.3799598665074257,367
caa_broadcast_pos,0.9019073569482289,0.2978459317232453,367
caa_last_token_neg,0.8446866485013624,0.3626976151183064,367
caa_last_token_pos,0.9019073569482289,0.2978459317232453,367
