condition,mean_score,std_score,n
baseline,0.8991825613079019,0.30149787613273077,367
caa_broadcast_neg,-0.15940054495912806,0.5212035989749128,367
caa_broadcast_pos,-0.4877384196185286,0.1352474244301233,367
caa_last_token_neg,-0.04904632152588556,0.559608484852043,367
caa_last_token_pos,0.17574931880108993,0.7269484256052643,367
