condition,mean_score,std_score,n
baseline,0.7929155313351499,0.6101634206910272,367
caa_broadcast_neg,-0.5013623978201635,0.1306699718107896,367
caa_broadcast_pos,-0.5,0.0,367
caa_last_token_neg,-0.494550408719346,0.3091902911043949,367
caa_last_token_pos,-0.3188010899182561,0.5032687482888971,367
