condition,mean_score,std_score,n
baseline,0.8719346049046321,0.3750443559578529,367
ramp_neg,-0.34332425068119893,0.2409064417982946,367
ramp_pos,-0.2956403269754768,0.26995761923587075,367
