condition,mean_score,std_score,n
baseline,0.896457765667575,0.3050817103455136,367
caa_broadcast_neg,-0.4822888283378747,0.12946798857675124,367
caa_broadcast_pos,-0.5,0.0,367
caa_last_token_neg,-0.40735694822888285,0.29499530532423535,367
caa_last_token_pos,-0.30517711171662126,0.49813906009320547,367
