condition,mean_score,std_score,n
baseline,0.575,0.5178958200275515,200
ramp_neg,0.5375,0.5326936857276142,200
ramp_pos,0.54,0.5360379496053291,200
