condition,mean_score,std_score,n
baseline,0.6212534059945504,0.48573707001187655,367
caa_broadcast_neg,0.6021798365122616,0.49011612355134826,367
caa_broadcast_pos,0.6512261580381471,0.47723288305509576,367
caa_last_token_neg,0.6049046321525886,0.4895385684558539,367
caa_last_token_pos,0.6321525885558583,0.48287786940634053,367
