condition,mean_score,std_score,n
baseline,0.6130790190735694,0.5655337937568385,367
ramp_neg,0.48092643051771117,0.6059055567933599,367
ramp_pos,0.7465940054495913,0.49707681704186324,367
