condition,mean_score,std_score,n
baseline,0.6267029972752044,0.4843403226661917,367
caa_broadcast_neg,0.5749318801089919,0.4950282138479302,367
caa_broadcast_pos,0.667574931880109,0.471725531737863,367
caa_last_token_neg,0.5858310626702997,0.4932504033989624,367
caa_last_token_pos,0.6566757493188011,0.4754668238533167,367
