condition,mean_score,std_score,n
baseline,0.25340599455040874,0.9686806453323834,367
caa_broadcast_neg,0.14986376021798364,0.9900564276958606,367
caa_broadcast_pos,0.335149863760218,0.943451063475726,367
caa_last_token_neg,0.17166212534059946,0.986500806797925,367
caa_last_token_pos,0.3133514986376022,0.9509336477066332,367
