condition,mean_score,std_score,n
baseline,0.05722070844686648,0.5089321433791778,367
ramp_neg,-0.32697547683923706,0.2704122676191644,367
ramp_pos,-0.013623978201634877,0.7030998500959132,367
