condition,mean_score,std_score,n
baseline,0.05040871934604905,0.5008665678909594,367
ramp_neg,0.04632152588555858,0.48674376417892,367
ramp_pos,0.09809264305177112,0.5819898616334207,367
