condition,mean_score,std_score,n
baseline,0.145,0.5458615429947443,200
ramp_neg,0.1525,0.5741445460848643,200
ramp_pos,0.2575,0.5887929480542308,200
