condition,mean_score,std_score,n
baseline,0.6130790190735694,0.5655337937568385,367
ramp_neg,-0.12942779291553133,0.26959887141062094,367
ramp_pos,-0.48092643051771117,0.0959064465263489,367
