condition,mean_score,std_score,n
baseline,0.6212534059945504,0.48573707001187655,367
caa_broadcast_neg,0.01907356948228883,0.18749488163231792,367
caa_broadcast_pos,-0.013623978201634877,0.657931599308644,367
caa_last_token_neg,0.07084468664850137,0.29410435560650644,367
caa_last_token_pos,0.3310626702997275,0.7003626803591442,367
