condition,mean_score,std_score,n
baseline,0.25340599455040874,0.9686806453323834,367
caa_broadcast_neg,-0.8746594005449592,0.34764756832528154,367
caa_broadcast_pos,-0.3991825613079019,0.420673915382258,367
caa_last_token_neg,-0.8242506811989101,0.47018822221493795,367
caa_last_token_pos,-0.19482288828337874,0.6461744580950002,367
