condition,mean_score,std_score,n
baseline,0.6267029972752044,0.4843403226661917,367
caa_broadcast_neg,-0.051771117166212535,0.24526303920174214,367
caa_broadcast_pos,-0.3637602179836512,0.41054412414090047,367
caa_last_token_neg,-0.01226158038147139,0.29658725016851767,367
caa_last_token_pos,-0.14305177111716622,0.6190063031370177,367
