condition,mean_score,std_score,n
baseline,0.145,0.5458615429947443,200
ramp_neg,0.1975,0.6116488548244332,200
ramp_pos,0.3575,0.5634992520271662,200
