condition,mean_score,std_score,n
baseline,0.575,0.5178958200275515,200
ramp_neg,0.4875,0.5408849532602256,200
ramp_pos,0.55,0.5209191721559095,200
