condition,mean_score,std_score,n
baseline,0.5325,0.5186896420053306,200
ramp_neg,0.435,0.5475160904911687,200
ramp_pos,0.435,0.5119427967416657,200
