condition,mean_score,std_score,n
baseline,0.8719346049046321,0.3750443559578529,367
ramp_neg,0.5054495912806539,0.6027920030613798,367
ramp_pos,0.9686648501362398,0.1802369855890463,367
