condition,mean_score,std_score,n
baseline,0.7929155313351499,0.6101634206910272,367
caa_broadcast_neg,0.9019073569482289,0.43251919585354015,367
caa_broadcast_pos,0.547683923705722,0.837827550065018,367
caa_last_token_neg,0.8474114441416893,0.5316615898277606,367
caa_last_token_pos,0.776566757493188,0.6308950925463125,367
