condition,mean_score,std_score,n
baseline,0.896457765667575,0.3050817103455136,367
caa_broadcast_neg,0.9509536784741145,0.21625959792677008,367
caa_broadcast_pos,0.773841961852861,0.418913775032509,367
caa_last_token_neg,0.9237057220708447,0.26583079491388034,367
caa_last_token_pos,0.888283378746594,0.3154475462731562,367
