condition,mean_score,std_score,n
baseline,0.145,0.5458615429947443,200
ramp_neg,-0.475,0.18587022002856543,200
ramp_pos,-0.4625,0.234775098197548,200
