condition,mean_score,std_score,n
baseline,0.02316076294277929,0.4792216295823108,367
ramp_neg,-0.4877384196185286,0.07743890396802366,367
ramp_pos,-0.5,0.0,367
