condition,mean_score,std_score,n
baseline,0.5275,0.5608623564784615,200
ramp_neg,-0.14,0.630386337632223,200
ramp_pos,-0.3275,0.47973375153496256,200
