condition,mean_score,std_score,n
baseline,0.305,0.564418142157018,200
ramp_neg,-0.2025,0.49137664273459875,200
ramp_pos,0.2775,0.5774173568746446,200
