layer_idx,layer_pct,mean_judge_score,gibberish_rate,std_judge_score,n,mean_norm,k_value,k_applied
16,38,0.95,0.02,0.2525381361380527,50,428.4148847579956,7.15616838463688,71.5616838463688
21,50,0.98,0.0,0.14142135623730948,50,583.086739730835,9.739780387695596,97.39780387695596
25,59,0.96,0.0,0.19794866372215741,50,679.207991027832,11.345373199933825,113.45373199933825
29,69,0.88,0.0,0.3282607226593159,50,768.3133174896241,12.833773213133234,128.33773213133236
