condition,mean_score,std_score,n
baseline,0.05040871934604905,0.5008665678909594,367
ramp_neg,-0.24659400544959129,0.3580962203431872,367
ramp_pos,-0.46321525885558584,0.23231671190407108,367
