condition,mean_score,std_score,n
baseline,0.05722070844686648,0.5089321433791778,367
ramp_neg,0.0653950953678474,0.5159492226021352,367
ramp_pos,0.0326975476839237,0.5268932281273206,367
