condition,mean_score,std_score,n
baseline,0.305,0.564418142157018,200
ramp_neg,-0.4125,0.25773218541149434,200
ramp_pos,0.685,0.4656815397698431,200
