condition,mean_score,std_score,n
baseline,0.5325,0.5186896420053306,200
ramp_neg,0.525,0.5298857371852557,200
ramp_pos,0.5325,0.5113719353674067,200
