condition,mean_score,std_score,n
baseline,0.05722070844686648,0.5089321433791778,367
ramp_neg,-0.4659400544959128,0.12614774364735748,367
ramp_pos,-0.4768392370572207,0.1528699357429744,367
