condition,mean_score,std_score,n
baseline,0.771117166212534,0.6375624730170355,367
caa_broadcast_neg,0.7057220708446866,0.7094560058126778,367
caa_broadcast_pos,0.7874659400544959,0.6171996146093327,367
caa_last_token_neg,0.7166212534059946,0.6984146965804183,367
caa_last_token_pos,0.7874659400544959,0.6171996146093326,367
