condition,mean_score,std_score,n
baseline,0.885558583106267,0.31878123650851775,367
caa_broadcast_neg,0.8528610354223434,0.3547280029063388,367
caa_broadcast_pos,0.8937329700272479,0.3085998073046664,367
caa_last_token_neg,0.8583106267029973,0.34920734829020905,367
caa_last_token_pos,0.8937329700272479,0.3085998073046664,367
