condition,mean_score,std_score,n
baseline,0.8801089918256131,0.34956958562230533,367
ramp_neg,0.8501362397820164,0.4107752672518419,367
ramp_pos,0.8787465940054496,0.34218130014267195,367
