condition,mean_score,std_score,n
baseline,0.944141689373297,0.23437455796477125,367
ramp_neg,-0.44141689373297005,0.1610286538604084,367
ramp_pos,-0.5,0.0,367
