condition,mean_score,std_score,n
baseline,0.575,0.5178958200275515,200
ramp_neg,-0.4975,0.03535533905932737,200
ramp_pos,-0.4925,0.10606601717798211,200
