condition,mean_score,std_score,n
baseline,0.989100817438692,0.10397040443958065,367
caa_broadcast_neg,0.997275204359673,0.05219957509718806,367
caa_broadcast_pos,0.8010899182561307,0.40481920687298417,367
caa_last_token_neg,0.997275204359673,0.05219957509718807,367
caa_last_token_pos,0.8555858310626703,0.3519890749295083,367
