condition,mean_score,std_score,n
baseline,0.944141689373297,0.23437455796477125,367
ramp_neg,0.6430517711171662,0.5767342154198289,367
ramp_pos,0.9713896457765667,0.17296507181324355,367
