condition,mean_score,std_score,n
baseline,0.9782016348773842,0.20794080887916128,367
caa_broadcast_neg,0.8746594005449592,0.47688175558691864,367
caa_broadcast_pos,0.5340599455040872,0.8044008914782018,367
caa_last_token_neg,0.8869209809264306,0.44216685989600346,367
caa_last_token_pos,0.5681198910081744,0.7897862385017631,367
