condition,mean_score,std_score,n
baseline,0.989100817438692,0.10397040443958062,367
caa_broadcast_neg,0.9291553133514986,0.2724009728681331,367
caa_broadcast_pos,0.6975476839237057,0.5303050800353395,367
caa_last_token_neg,0.9250681198910081,0.2965621475658347,367
caa_last_token_pos,0.728882833787466,0.5034684126325343,367
