condition,mean_score,std_score,n
baseline,0.575,0.5178958200275515,200
ramp_neg,0.03,0.5837842239222489,200
ramp_pos,0.5075,0.5339656793593276,200
