condition,mean_score,std_score,n
baseline,0.6267029972752044,0.4843403226661917,367
caa_broadcast_neg,0.5313351498637602,0.49969839476260536,367
caa_broadcast_pos,0.6839237057220708,0.4655778179271354,367
caa_last_token_neg,0.5504087193460491,0.4981315874281721,367
caa_last_token_pos,0.667574931880109,0.471725531737863,367
