condition,mean_score,std_score,n
baseline,0.25340599455040874,0.9686806453323834,367
caa_broadcast_neg,0.06267029972752043,0.9993967895252107,367
caa_broadcast_pos,0.3678474114441417,0.9311556358542707,367
caa_last_token_neg,0.1008174386920981,0.9962631748563442,367
caa_last_token_pos,0.335149863760218,0.9434510634757258,367
