condition,mean_score,std_score,n
baseline,0.6130790190735694,0.5655337937568385,367
ramp_neg,0.3079019073569482,0.6145038526218224,367
ramp_pos,0.782016348773842,0.46477360345035473,367
