condition,mean_score,std_score,n
baseline,0.6212534059945504,0.48573707001187655,367
caa_broadcast_neg,0.5504087193460491,0.4981315874281722,367
caa_broadcast_pos,0.6539509536784741,0.4763584862516371,367
caa_last_token_neg,0.5858310626702997,0.49325040339896253,367
caa_last_token_pos,0.670299727520436,0.4707460275841575,367
