condition,mean_score,std_score,n
baseline,0.02316076294277929,0.4792216295823108,367
ramp_neg,0.01634877384196185,0.474491120443407,367
ramp_pos,0.01634877384196185,0.5615209326515526,367
