condition,mean_score,std_score,n
baseline,0.989100817438692,0.10397040443958062,367
caa_broadcast_neg,0.9918256130790191,0.0901649496200822,367
caa_broadcast_pos,0.989100817438692,0.10397040443958065,367
caa_last_token_neg,0.9918256130790191,0.0901649496200822,367
caa_last_token_pos,0.989100817438692,0.10397040443958065,367
