condition,mean_score,std_score,n
baseline,0.944141689373297,0.23437455796477125,367
ramp_neg,0.9400544959128065,0.2377099239641522,367
ramp_pos,0.9727520435967303,0.16302737404630935,367
