condition,mean_score,std_score,n
baseline,0.5325,0.5186896420053306,200
ramp_neg,-0.5,0.0,200
ramp_pos,-0.0125,0.7043252945926443,200
