condition,mean_score,std_score,n
baseline,0.02316076294277929,0.4792216295823108,367
ramp_neg,-0.2547683923705722,0.250295755731147,367
ramp_pos,-0.49727520435967304,0.03686021461885077,367
