condition,mean_score,std_score,n
baseline,0.05040871934604905,0.5008665678909594,367
ramp_neg,-0.04632152588555858,0.4710543169982549,367
ramp_pos,-0.18119891008174388,0.5975822701656194,367
