condition,mean_score,std_score,n
baseline,0.84,0.4453844933748542,50
flat_K,0.86,0.3917516914514883,50
ramp_K,0.91,0.3144480100436448,50
