condition,mean_score,std_score,n
baseline,0.8719346049046321,0.3750443559578529,367
ramp_neg,-0.4768392370572207,0.10523371744288054,367
ramp_pos,-0.4427792915531335,0.15939061825425885,367
