condition,mean_score,std_score,n
baseline,0.6130790190735694,0.5655337937568385,367
ramp_neg,0.09264305177111716,0.5183784517458044,367
ramp_pos,0.8555858310626703,0.3906210868090649,367
