condition,mean_score,std_score,n
baseline,0.6267029972752044,0.4843403226661917,367
caa_broadcast_neg,0.4550408719346049,0.49865440354208795,367
caa_broadcast_pos,0.6934604904632152,0.4638997947936548,367
caa_last_token_neg,0.47956403269754766,0.5002642204750586,367
caa_last_token_pos,0.6811989100817438,0.4666479479449291,367
