condition,mean_score,std_score,n
baseline,0.6212534059945504,0.48573707001187655,367
caa_broadcast_neg,0.42779291553133514,0.49543410412927036,367
caa_broadcast_pos,0.7084468664850136,0.45509806399519653,367
caa_last_token_neg,0.5177111716621253,0.5003683817380539,367
caa_last_token_pos,0.6948228882833788,0.4611110468287243,367
