condition,mean_score,std_score,n
baseline,0.25340599455040874,0.9686806453323834,367
caa_broadcast_neg,-0.08991825613079019,0.9973088070841758,367
caa_broadcast_pos,0.391008174386921,0.9205313370852442,367
caa_last_token_neg,-0.04087193460490463,1.0005284409501172,367
caa_last_token_pos,0.36239782016348776,0.9332958958898581,367
