condition,mean_score,std_score,n
baseline,0.55,0.599744843705238,50
flat_K,0.82,0.46025724838820037,50
ramp_K,0.79,0.4957986754022365,50
