condition,mean_score,std_score,n
baseline,0.4175,0.5819251968022753,200
ramp_neg,-0.4425,0.2195100757752003,200
ramp_pos,0.685,0.612495513264256,200
