condition,mean_score,std_score,n
baseline,0.1825,0.4864430947419342,200
ramp_neg,-0.175,0.4304666160548208,200
ramp_pos,0.4675,0.5113719353674065,200
