condition,mean_score,std_score,n
baseline,0.5325,0.5186896420053306,200
ramp_neg,0.0675,0.5128438300007606,200
ramp_pos,0.495,0.5304544368253871,200
