condition,mean_score,std_score,n
baseline,0.43460490463215257,0.5783680586207277,367
ramp_neg,-0.49318801089918257,0.05804111100117954,367
ramp_pos,-0.5,0.0,367
