condition,mean_score,std_score,n
baseline,0.43460490463215257,0.5783680586207277,367
ramp_neg,-0.020435967302452316,0.4265656800055018,367
ramp_pos,0.997275204359673,0.05219957509718806,367
