condition,mean_score,std_score,n
baseline,0.05722070844686648,0.5089321433791778,367
ramp_neg,0.06130790190735695,0.49827728418213557,367
ramp_pos,0.0,0.5580998206737443,367
