condition,mean_score,std_score,n
baseline,0.8801089918256131,0.3252775008653371,367
caa_broadcast_neg,-0.5,0.0,367
caa_broadcast_pos,-0.5,0.0,367
caa_last_token_neg,-0.5,0.0,367
caa_last_token_pos,-0.4591280653950954,0.24454106106946402,367
