condition,mean_score,std_score,n
baseline,0.8801089918256131,0.34956958562230533,367
ramp_neg,-0.48501362397820164,0.08537245514820972,367
ramp_pos,-0.49591280653950953,0.04508247481004109,367
