condition,mean_score,std_score,n
baseline,0.885558583106267,0.31878123650851775,367
caa_broadcast_neg,0.28201634877384196,0.48772166853800486,367
caa_broadcast_pos,0.9346049046321526,0.25570281221097313,367
caa_last_token_neg,0.6076294277929155,0.4972565104294018,367
caa_last_token_pos,0.9386920980926431,0.24444971214544392,367
