condition,mean_score,std_score,n
baseline,0.8801089918256131,0.3252775008653371,367
caa_broadcast_neg,0.43869209809264303,0.5131350449309584,367
caa_broadcast_pos,0.9196185286103542,0.27599173679919425,367
caa_last_token_neg,0.7125340599455041,0.4554537259857977,367
caa_last_token_pos,0.9400544959128065,0.23770992396415216,367
