condition,mean_score,std_score,n
baseline,0.771117166212534,0.6375624730170355,367
caa_broadcast_neg,-0.36648501362397823,0.9128077228981172,367
caa_broadcast_pos,0.8773841961852861,0.47615918042682776,367
caa_last_token_neg,0.23160762942779292,0.9699210596837945,367
caa_last_token_pos,0.8814713896457765,0.4707104427357891,367
