condition,mean_score,std_score,n
baseline,0.8801089918256131,0.34956958562230533,367
ramp_neg,0.0667574931880109,0.4948213825135347,367
ramp_pos,0.944141689373297,0.24296047842585355,367
