condition,mean_score,std_score,n
baseline,0.87,0.4016547405574157,50
flat_K,0.98,0.1414213562373095,50
ramp_K,0.96,0.1979486637221574,50
