condition,mean_score,std_score,n
baseline,0.5275,0.5608623564784615,200
ramp_neg,0.17,0.6127620965225193,200
ramp_pos,0.415,0.591204375039061,200
