condition,mean_score,std_score,n
baseline,0.05040871934604905,0.5008665678909594,367
ramp_neg,0.0667574931880109,0.49894544917089206,367
ramp_pos,0.1307901907356948,0.6859680066395397,367
