condition,mean_score,std_score,n
baseline,0.5325,0.5186896420053306,200
ramp_neg,-0.4775,0.13540837173409329,200
ramp_pos,0.685,0.6124955132642557,200
