condition,mean_score,std_score,n
baseline,0.305,0.564418142157018,200
ramp_neg,-0.5,0.0,200
ramp_pos,-0.0275,0.6985223096547649,200
