condition,mean_score,std_score,n
baseline,0.43460490463215257,0.5783680586207277,367
ramp_neg,0.03678474114441417,0.4489009225168474,367
ramp_pos,0.9795640326975477,0.14873538175157186,367
