condition,mean_score,std_score,n
baseline,0.989100817438692,0.10397040443958062,367
caa_broadcast_neg,1.0,0.0,367
caa_broadcast_pos,0.9673024523160763,0.17808659270749844,367
caa_last_token_neg,0.9945504087193461,0.07372042923770156,367
caa_last_token_pos,0.989100817438692,0.10397040443958065,367
