condition,mean_score,std_score,n
baseline,0.944141689373297,0.23437455796477125,367
ramp_neg,0.9168937329700273,0.29437002687124914,367
ramp_pos,0.9850136239782016,0.1298125480378832,367
