condition,mean_score,std_score,n
baseline,0.9782016348773842,0.20794080887916128,367
caa_broadcast_neg,1.0,0.0,367
caa_broadcast_pos,0.9346049046321526,0.3561731854149969,367
caa_last_token_neg,0.989100817438692,0.14744085847540309,367
caa_last_token_pos,0.9782016348773842,0.20794080887916125,367
