condition,mean_score,std_score,n
baseline,0.989100817438692,0.10397040443958065,367
caa_broadcast_neg,0.997275204359673,0.05219957509718806,367
caa_broadcast_pos,0.9727520435967303,0.16302737404630935,367
caa_last_token_neg,0.9945504087193461,0.07372042923770156,367
caa_last_token_pos,0.989100817438692,0.10397040443958064,367
