condition,mean_score,std_score,n
baseline,0.43460490463215257,0.5783680586207277,367
ramp_neg,0.1335149863760218,0.4930050755886957,367
ramp_pos,0.7997275204359673,0.4327127947155035,367
