condition,mean_score,std_score,n
baseline,0.4175,0.5819251968022753,200
ramp_neg,-0.5,0.0,200
ramp_pos,-0.44,0.29467638326522094,200
