condition,mean_score,std_score,n
baseline,0.5275,0.5608623564784615,200
ramp_neg,0.355,0.5985535328258378,200
ramp_pos,0.5425,0.5599208038041302,200
