condition,mean_score,std_score,n
baseline,0.8991825613079019,0.30149787613273077,367
caa_broadcast_neg,0.9673024523160763,0.17808659270749838,367
caa_broadcast_pos,0.7084468664850136,0.45509806399519664,367
caa_last_token_neg,0.9536784741144414,0.21046743488576092,367
caa_last_token_pos,0.885558583106267,0.31878123650851775,367
