condition,mean_score,std_score,n
baseline,0.896457765667575,0.3050817103455136,367
caa_broadcast_neg,0.9727520435967303,0.16302737404630932,367
caa_broadcast_pos,0.7302452316076294,0.44443824040378344,367
caa_last_token_neg,0.9455040871934605,0.22730351957365647,367
caa_last_token_pos,0.8896457765667575,0.3170072397121682,367
