condition,mean_score,std_score,n
baseline,0.8719346049046321,0.3750443559578529,367
ramp_neg,-0.004087193460490463,0.4549180830895638,367
ramp_pos,0.9250681198910081,0.267498906064883,367
