condition,mean_score,std_score,n
baseline,0.7929155313351499,0.6101634206910272,367
caa_broadcast_neg,0.9455040871934605,0.32605474809261864,367
caa_broadcast_pos,0.4604904632152589,0.8888764808075669,367
caa_last_token_neg,0.8910081743869209,0.4546070391473129,367
caa_last_token_pos,0.7833787465940054,0.6207447720328177,367
