condition,mean_score,std_score,n
baseline,0.305,0.564418142157018,200
ramp_neg,0.1575,0.577156214973392,200
ramp_pos,0.3075,0.5751938716204728,200
