condition,mean_score,std_score,n
baseline,0.944141689373297,0.23437455796477125,367
ramp_neg,-0.29291553133514986,0.26271793129663834,367
ramp_pos,-0.02997275204359673,0.21659498432249613,367
