condition,mean_score,std_score,n
baseline,0.989100817438692,0.10397040443958062,367
caa_broadcast_neg,-0.4264305177111717,0.26914976419989095,367
caa_broadcast_pos,-0.4877384196185286,0.1352474244301233,367
caa_last_token_neg,-0.33787465940054495,0.4018520723748312,367
caa_last_token_pos,-0.46321525885558584,0.22332195139345679,367
