condition,mean_score,std_score,n
baseline,0.989100817438692,0.10397040443958065,367
caa_broadcast_neg,-0.28746594005449594,0.5079217898473919,367
caa_broadcast_pos,0.6253405994550408,0.6167833276706951,367
caa_last_token_neg,-0.35149863760217986,0.4378183486549002,367
caa_last_token_pos,0.4645776566757493,0.5844980788667019,367
