condition,mean_score,std_score,n
baseline,0.9782016348773842,0.20794080887916128,367
caa_broadcast_neg,-0.49182561307901906,0.2789298286084386,367
caa_broadcast_pos,-0.4877384196185286,0.1352474244301233,367
caa_last_token_neg,-0.44959128065395093,0.430457371105509,367
caa_last_token_pos,-0.4713896457765668,0.22451886189371503,367
