condition,mean_score,std_score,n
baseline,0.3575,0.4996921162628808,200
ramp_neg,0.3975,0.524038962454944,200
ramp_pos,0.2725,0.45885344328234084,200
