condition,mean_score,std_score,n
baseline,0.4175,0.5819251968022753,200
ramp_neg,-0.0725,0.6208227237073053,200
ramp_pos,0.465,0.5293164265323578,200
